"statement";"label";"corrected"
"In the no motivation condition, there was no simple effect of frame (b = 0.20, 95% CI = [-0.10, 0.49], z = 1.32, p = .187, OR = 1.22, 95% CI = [0.90, 1.63]).";1;"In the no motivation condition, there was no significant simple effect of frame (b = 0.20, 95% CI = [-0.10, 0.49], z = 1.32, p = .187, OR = 1.22, 95% CI = [0.90, 1.63])."
"When participants made large errors on previous trials, their encoding speed on subsequent trials was the same, or if anything slightly lower (Î² = -0.121, t = -1.69, p = .094, BF 10 = 0.374, Î”BIC = -1.98; see Fig. S2 in the Supplemental Material).";1;"When participants made large errors on previous trials, their encoding speed on subsequent trials was not significantly different, or if anything slightly lower (β = -0.121, t = -1.69, p = .094, BF 10 = 0.374, ΔBIC = -1.98; see Fig. S2 in the Supplemental Material)."
"In addition, LPIPS scores were not correlated with trial-wise aesthetic ratings (for self-relevant trials, r = -.046, p = .19; for other-relevant trials, r = .00023, p = .99).";1;"In addition, LPIPS scores were not significantly correlated with trial-wise aesthetic ratings (for self-relevant trials, r = -.046, p = .19; for other-relevant trials, r = .00023, p = .99)."
"This preference, however, disappeared in the experimental condition, F(1, 170) = 2.32, p = .130, Î· p 2 = .01.";1;"This preference, however, showed no significant difference in the experimental condition, F(1, 170) = 2.32, p = .130, Î· p 2 = .01."
"Most importantly, neither the effect of the stimulation, F(2, 58) = 0.970, p = .385, Î· p 2 = .032, nor its interaction with age level, F(12, 348) = 0.694, p = .758, Î· p 2 = .23, were significant, suggesting that age estimation was not modulated by alpha or beta oscillations (for the analysis comparing the MTT task with the age estimation task, see ""Supplementary Results"" at <https://osf.io/24cs7/>).";1;"Most importantly, neither the effect of the stimulation, F(2, 58) = 0.970, p = .385, Î· p 2 = .032, nor its interaction with age level, F(12, 348) = 0.694, p = .758, Î· p 2 = .023, were significant, suggesting that age estimation was not significantly modulated by alpha or beta oscillations (for the analysis comparing the MTT task with the age estimation task, see ""Supplementary Results"" at <https://osf.io/24cs7/>)."
"Higher income was not associated with decreased trait empathic concern, b = -0.04, SE = 0.05, t(232) = -0.73, p = .466, r = .05, or decreased extent of compassion in daily life, b = 0.06, SE = 0.06, t(200) = 0.88, p = .380, r = .06.";1;"Higher income was not significantly associated with decreased trait empathic concern, b = -0.04, SE = 0.05, t(232) = -0.73, p = .466, r = .05, or with decreased extent of compassion in daily life, b = 0.06, SE = 0.06, t(200) = 0.88, p = .380, r = .06."
"Comparing these correlation coefficients, we found that participants in the disagreeing-perspective condition again produced more diverse errors than participants in both the self-perspective condition (d = 0.78) and agreeingperspective condition (d = 0.71; both ps < .001), whereas there was no difference in error diversity between the self-perspective and agreeing-perspective conditions (d = 0.07, p = .26).";1;"Comparing these correlation coefficients, we found that participants in the disagreeing-perspective condition again produced more diverse errors than participants in both the self-perspective condition (d = 0.78) and agreeing-perspective condition (d = 0.71; both ps < .001), whereas we found no significant difference in error diversity between the self-perspective and agreeing-perspective conditions (d = 0.07, p = .26)."
"The Participant Group Ã— Tweet type interaction was significant, b = 0.24, SE = 0.05, t(4552) = 5.24, p < .001: Across measures, frequent reactors responded more positively to dismissing versus engaging tweets, b = -0.24, SE = 0.03, t(4552) = 7.12, p < .001, but everyone else did not, b = -0.00, SE = 0.04, t(4552) = -0.07, p = .946.";1;"The Participant Group × Tweet type interaction was significant, b = 0.24, SE = 0.05, t(4552) = 5.24, p < .001: Across measures, frequent reactors responded more positively to dismissing versus engaging tweets, b = -0.24, SE = 0.03, t(4552) = 7.12, p < .001, but everyone else did not show a significant difference, b = -0.00, SE = 0.04, t(4552) = -0.07, p = .946."
"Study S2 shows that participants imagined people with depression as a bit shorter than people without depression, but this result did not reach conventional statistical significance (p = .08, d = 0.26).";0;"Study S2 shows that participants imagined people with depression as a bit shorter than people without depression, but this result did not reach conventional statistical significance (p = .08, d = 0.26), suggesting that there may be a small difference, although it was not statistically significant."
"Only in the twin sample did a lower age of onset predict higher levels of melody discrimination (Î² = -0.09, p = .23 in musicians; Î² = -0.05, p = .001 in twins).";1;"Only in the twin sample was there a significant association between a lower age of onset and higher levels of melody discrimination (Î² = -0.09, p = .23 in musicians; Î² = -0.05, p = .001 in twins), whereas in musicians, the association was not statistically significant."
"Meta-regression indicated no significant moderating effect of preexisting perceptions of consensus, b = -0.84, t(35) = -1.44, p = .159.";0;"Meta-regression indicated a non-significant moderating effect of preexisting perceptions of consensus, b = -0.84, t(35) = -1.44, p = .159."
"Contrary to our preregistered hypothesis, results for the three-way Frame Ã— Time Constraint Ã— First Fixation interaction were nonsignificant, b = 0.20, SE = 0.19, z = 1.05, p = .294.";0;"Contrary to our preregistered hypothesis, results for the three-way Frame × Time Constraint × First Fixation interaction were nonsignificant, b = 0.20, SE = 0.19, z = 1.05, p = .294, indicating that the data do not provide sufficient evidence to support the presence of an interaction effect."
"Unlike the analyses using RT on search trials as the dependent variable, there was no main effect of real-time entropy on fixation time, F(1, 22,897.2) = 1.64, p = .20, Î² = -0.006, SE = 0.005.";1;"Unlike the analyses using RT on search trials as the dependent variable, there was no significant main effect of real-time entropy on fixation time, F(1, 22,897.2) = 1.64, p = .20, β = -0.006, SE = 0.005."
"Post hoc tests of the effect of trait aggression on bilateral amygdala activation for incongruent versus congruent trials revealed that this effect was primarily driven by increased amygdala activation during the congruent condition in individuals with relatively high aggression (r = .14, p = .02), whereas the aggression-related reduction during incongruent trials was not significant (r = -.10, p = .10; Fig. S1A).";0;"Post hoc tests of the effect of trait aggression on bilateral amygdala activation for incongruent versus congruent trials revealed that this effect was primarily driven by increased amygdala activation during the congruent condition in individuals with relatively high aggression (r = .14, p = .02), whereas the aggression-related reduction during incongruent trials was not statistically significant (r = -.10, p = .10; Fig. S1A)."
"There was no main effect of statistical-learning ability, F(1, 43.9) = 0.00, p = .995, Î² = 0.0002, SE = 0.03, indicating that people's statistical-learning abilities were unrelated to the total amount they fixated in the main task.";1;"The results showed no significant main effect of statistical-learning ability, F(1, 43.9) = 0.00, p = .995, Î² = 0.0002, SE = 0.03, suggesting that the data do not provide evidence that people's statistical-learning abilities are related to the total amount they fixated in the main task."
"Unlike the prior experiment, in which learning increased from ages 7 to 9 years, there was no correlation between a child's age in predicting overall learning-sensitivity scores in this experiment (Pearson's r = .17, p = .24; see Supplemental Fig.";1;"Unlike the prior experiment, in which learning increased from ages 7 to 9 years, the correlation between a child's age and overall learning-sensitivity scores in this experiment was not statistically significant (Pearson's r = .17, p = .24; see Supplemental Fig."
"Conversely, valence did not moderate the relationship between explicit relationship evaluation and verbal behavior, b = -0.03, SE = 0.03, 95% CI = [-0.08, 0.03], p = .301, Î² = -0.01 (see the Supplemental Material for ancillary analyses per valence).";1;"Conversely, valence did not significantly moderate the relationship between explicit relationship evaluation and verbal behavior, b = -0.03, SE = 0.03, 95% CI = [-0.08, 0.03], p = .301, Î² = -0.01 (see the Supplemental Material for ancillary analyses per valence)."
"A two-way mixed ANOVA investigating whether performance during training differed across groups (quiet, babble; between subjects) and familiarity conditions (most familiar, moderately familiar, least familiar; within subjects) revealed no effect of group, F(1, 48) = 0.36, p = .55, Ï‰ p 2 = -.01, 95% CI = [.00, 1.00], 1 and no significant interaction between group and familiarity, F(2, 96) = 0.21, p = .81, Ï‰ p 2 = -.01, 95% CI = [.00, 1.00].";1;"A two-way mixed ANOVA investigating whether performance during training differed across groups (quiet, babble; between subjects) and familiarity conditions (most familiar, moderately familiar, least familiar; within subjects) revealed no significant effect of group, F(1, 48) = 0.36, p = .55, Ï‰ p 2 = -.01, 95% CI = [.00, 1.00], and no significant interaction between group and familiarity, F(2, 96) = 0.21, p = .81, Ï‰ p 2 = -.01, 95% CI = [.00, 1.00]."
"We found no evidence for cheating in the time-pressure condition, Ï‡ 2 (5, N = 198) = 1.21, p = .944, V = .08, 1 nor in the self-paced condition, Ï‡ 2 (5, N = 230) = 9.06, p = .107, V = .20.";1;"We found no significant evidence for cheating in the time-pressure condition, Ï‡ 2 (5, N = 198) = 1.21, p = .944, V = .08, nor in the self-paced condition, Ï‡ 2 (5, N = 230) = 9.06, p = .107, V = .20."
"Non-attraction-effect choices were very rare and, like decoy choices, they likely reflect noisy responding; they were more common among people with lower cognitive ability, b = 0.689, 95% CI = [0.357, 1.021], p < .001, but did not differ between the ASC and control groups, b = -0.037, 95% CI = [-0.381, 0.307], p = .834, and were unrelated to age, b = 0.014, 95% CI = [-0.295, 0.324], p = .929, or gender, b = -0.229, 95% CI = [-0.528, 0.069], p = .132.";1;"Non-attraction-effect choices were very rare and, like decoy choices, they likely reflect noisy responding; they were more common among people with lower cognitive ability, b = 0.689, 95% CI = [0.357, 1.021], p < .001, but did not significantly differ between the ASC and control groups, b = -0.037, 95% CI = [-0.381, 0.307], p = .834, and were not significantly related to age, b = 0.014, 95% CI = [-0.295, 0.324], p = .929, or gender, b = -0.229, 95% CI = [-0.528, 0.069], p = .132."
"Risk taking did not differ between participants who received a placebo and those who received atomoxetine (b = 0.02, SE = 0.02, p = .295).";1;"Risk taking did not significantly differ between participants who received a placebo and those who received atomoxetine (b = 0.02, SE = 0.02, p = .295)."
"First fixation had no effect on choice when time was unlimited and both options were attended, b = -0.17, SE = 0.09, z = -1.76, p = .08.";1;"First fixation had no significant effect on choice when time was unlimited and both options were attended, b = -0.17, SE = 0.09, z = -1.76, p = .08."
"Distance, Ï‡ 2 (1, N = 21) = 0.01, p = .911, did not improve model fit.";1;"Distance, Ï‡ 2 (1, N = 21) = 0.01, p = .911, did not significantly improve model fit."
"The correlation for participants who were unsure what to believe was largely intermediate between believers and disbelievers: It was weaker than for people who believed the official story for three events (zs > 3.83, ps < .001), with the exception of the 9/11 terrorist attacks (z = 1.72, p = .086).";1;"The correlation for participants who were unsure what to believe was largely intermediate between believers and disbelievers: It was weaker than for people who believed the official story for three events (zs > 3.83, ps < .001), with the exception of the 9/11 terrorist attacks, where the difference was not statistically significant (z = 1.72, p = .086)."
"Conversely, and as predicted, the explicit relationship evaluation assessed at intake was not related to nonverbal behavior exhibited in the conversation, b = 0.05, SE = 0.06, 95% CI = [-0.07, 0.16], p = .411, Î² = 0.05.";1;"Conversely, and as predicted, the explicit relationship evaluation assessed at intake was not significantly related to nonverbal behavior exhibited in the conversation, b = 0.05, SE = 0.06, 95% CI = [-0.07, 0.16], p = .411, Î² = 0.05."
"Results showed that all profiles significantly varied from one another (ps < .005) with the exception of Profiles 5 and 6 (p = .31; Fig. 1b).";0;"Results showed that all profiles significantly varied from one another (ps < .005) with the exception of Profiles 5 and 6, which did not significantly differ (p = .31; Fig. 1b)."
"Post hoc simple-effects analyses revealed that serial position did not affect the number of recalled distinct attributes, B = -0.02, t(1,510) = -0.39, p = .700, d = 0.01.";1;"Post hoc simple-effects analyses revealed that there was no significant effect of serial position on the number of recalled distinct attributes, B = -0.02, t(1,510) = -0.39, p = .700, d = 0.01."
"These differences did not reach statistical significance (Mann-Whitney U test, p = .17).";0;"These differences did not reach statistical significance (Mann-Whitney U test, p = .17), suggesting that the observed differences may be due to chance, but it is also possible that a type II error occurred, and a difference may exist that the study was not powered to detect."
"Results revealed no significant relationships between age and self-reported enjoyment (Model 4b: p = .711, Model 5b: p = .363).";0;"Results revealed no significant relationships between age and self-reported enjoyment (Model 4b: p = .711, Model 5b: p = .363), indicating that the data do not provide sufficient evidence to suggest a relationship between these variables."
"For the N170, there was a large main effect of emotion, F(1, 39) = 16.12, p < .001, Î· p 2 = .292 (see Fig. 3), but no main effect of task, F(2, 78) = 0.81, p = .448, Î· p 2 = .020.";1;"For the N170, there was a large main effect of emotion, F(1, 39) = 16.12, p < .001, Î· p 2 = .292 (see Fig. 3), but the main effect of task was not significant, F(2, 78) = 0.81, p = .448, Î· p 2 = .020."
"Strikingly, and unlike adults, children showed equal levels of learning sensitivity across the experiments (ÃŸ = 0.01, SE = 0.03, df = 8045, t = 0.46, p = .97), and this was evident in both blocks of test (Block 1: ÃŸ = -0.05, SE = 0.05, df = 8084, t = -1.25, p = .92; Block 2: ÃŸ = 0.09, SE = 0.04, df = 8078, t = 1.93, p = .53).";1;"Strikingly, and unlike adults, children showed similar levels of learning sensitivity across the experiments (β = 0.01, SE = 0.03, df = 8045, t = 0.46, p = .97), and this was evident in both blocks of test (Block 1: β = -0.05, SE = 0.05, df = 8084, t = -1.25, p = .92; Block 2: β = 0.09, SE = 0.04, df = 8078, t = 1.93, p = .53), with no significant differences found."
"Parameter estimates showed that feeling small led to a decrease in coins allocated to other people for male participants, Wald Ï‡ 2 (1) = 6.20, b = -0.161, SE = 0.065, 95% confidence interval (CI) = [-0.288, -0.034], p = .013, but not for female participants, Wald Ï‡ 2 (1) < .001, b < 0.001, SE = 0.034, 95% CI = [-0.068, 0.067], p = .996.";1;"Parameter estimates showed that feeling small led to a decrease in coins allocated to other people for male participants, Wald Ï‡ 2 (1) = 6.20, b = -0.161, SE = 0.065, 95% confidence interval (CI) = [-0.288, -0.034], p = .013, but there was no significant effect for female participants, Wald Ï‡ 2 (1) < .001, b < 0.001, SE = 0.034, 95% CI = [-0.068, 0.067], p = .996."
"Specifically, when infants learned faces from high-variability videos, d was greater for Segment 2 than both Segments 1 and 3 (ps < .021), and there was no difference between Segments 1 and 3 (p = .150); but when they learned faces from low-variability videos, there was a linear decrease of d from Segment 1 to Segment 3, and there were significant differences among the three segments (ps < .013).";1;"Specifically, when infants learned faces from high-variability videos, d was greater for Segment 2 than both Segments 1 and 3 (ps < .021), and there was no significant difference between Segments 1 and 3 (p = .150); but when they learned faces from low-variability videos, there was a linear decrease of d from Segment 1 to Segment 3, and there were significant differences among the three segments (ps < .013)."
"As in Experiment 1, the off-line alternative-forcedchoice performance from the main task showed no evidence of learning at the group level-simplest stream (TP = 1): 51.8% correct, t(44) = 0.91, p = .37; simple stream (TP = 0.8): 51.5% correct, t(44) = 0.77, p = .44; complex stream (TP = 0.4): 49.9% correct, t(44) = -0.08, p = .94.";1;"As in Experiment 1, the off-line alternative-forced-choice performance from the main task showed no significant evidence of learning at the group level-simplest stream (TP = 1): 51.8% correct, t(44) = 0.91, p = .37; simple stream (TP = 0.8): 51.5% correct, t(44) = 0.77, p = .44; complex stream (TP = 0.4): 49.9% correct, t(44) = -0.08, p = .94."
"There was no significant interaction between emotion and task, F(2, 78) = 0.24, p = .784, Î· p 2 = .006, nor did any further interactions reach significance (Fs < 0.54, ps > .584).";0;"There was no significant interaction between emotion and task, F(2, 78) = 0.24, p = .784, Î· p 2 = .006, nor did any further interactions reach significance (Fs < 0.54, ps > .584), indicating that the groups did not differ significantly in this regard."
"Probability Ã— Time Constraint interaction on first fixation, b = 0.72, SE = 0.24, z = 2.93, p = .003; participants were significantly more likely to fixate high-probability gambles first when time was limited, b = 1.04, SE = 0.21, z = 4.86, p < .001, but not when it was unlimited, b = 0.32, SE = 0.20, z = 1.62, p = .11 (see Fig.";1;"Probability Ã— Time Constraint interaction on first fixation, b = 0.72, SE = 0.24, z = 2.93, p = .003; participants were significantly more likely to fixate high-probability gambles first when time was limited, b = 1.04, SE = 0.21, z = 4.86, p < .001, but there was no significant effect when it was unlimited, b = 0.32, SE = 0.20, z = 1.62, p = .11 (see Fig."
"We saw no quantitative differences in family socioeconomic disadvantage between the profiles with higher risk-that is, 4 and 5 (p = .142120), 5 and 6 (p = .999999), or 4 and 6 (p = .4919621).";1;"We saw no significant quantitative differences in family socioeconomic disadvantage between the profiles with higher risk-that is, 4 and 5 (p = .142120), 5 and 6 (p = .999999), or 4 and 6 (p = .4919621)."
"However, an examination of the zero-order associations among partner life satisfaction, perceived partner support, and actor mortality revealed that this mediation path is unlikely: Although having a happier partner was indeed associated with greater perceived partner support (r = .27, 95% CI = [.25, .29], p < .001), perceived partner support was not related to actor mortality (HR = 0.99, 95% CI = [0.94, 1.04], p = .69).";1;"However, an examination of the zero-order associations among partner life satisfaction, perceived partner support, and actor mortality revealed that this mediation path is unlikely: Although having a happier partner was indeed associated with greater perceived partner support (r = .27, 95% CI = [.25, .29], p < .001), perceived partner support was not significantly related to actor mortality (HR = 0.99, 95% CI = [0.94, 1.04], p = .69)."
"There was no interaction between age group and condition, F(1, 124) = 0.07, p = .79.";1;"The interaction between age group and condition was not significant, F(1, 124) = 0.07, p = .79."
"Importantly, the absence of an interaction between probability and epoch, F(2, 46) = 0.30, p = .742, Î· p 2 = .01, suggests that the difference in RTs to targets appearing on high-compared to low-probability locations did not change over the course of the experiment (Fig. 2b).";1;"Importantly, the non-significant interaction between probability and epoch, F(2, 46) = 0.30, p = .742, Î· p 2 = .01, suggests that we did not find evidence that the difference in RTs to targets appearing on high-compared to low-probability locations changed over the course of the experiment (Fig. 2b)."
"Most importantly, test anxiety did not predict the change in performance from the mock exams to the final exam (b anx = -0.09, p = .077), which speaks against the interference hypothesis.";1;"Most importantly, test anxiety did not significantly predict the change in performance from the mock exams to the final exam (b anx = -0.09, p = .077), which does not provide evidence for or against the interference hypothesis."
"For pronunciation accuracy, the main effect for familiarity was significant, F(1, 19) = 18.12, p < .001, Î· p 2 = .49, OP = .98, but the main effect for length was not, F(1, 19) = 0.30, p = .59, Î· p 2 = .02, OP = .08.";0;"For pronunciation accuracy, the main effect for familiarity was significant, F(1, 19) = 18.12, p < .001, Î· p 2 = .49, OP = .98, but the main effect for length was not significant, F(1, 19) = 0.30, p = .59, Î· p 2 = .02, OP = .08."
"This analysis revealed that the effect of cognitive conflict on the willingness to engage was eliminated (b = -0.01, SE = 0.08, 95% CI = [-0.17, 0.16], t = -0.07, p = .947), whereas the perceived quality of a comment was positively associated with the willingness to engage (b = 0.25, SE = 0.03, 95% CI = [0.19, 0.31], t = 8.23, p < .001).";1;"This analysis revealed that there was no significant effect of cognitive conflict on the willingness to engage (b = -0.01, SE = 0.08, 95% CI = [-0.17, 0.16], t = -0.07, p = .947), whereas the perceived quality of a comment was positively associated with the willingness to engage (b = 0.25, SE = 0.03, 95% CI = [0.19, 0.31], t = 8.23, p < .001)."
"In bothtargets blocks, participants switched on 34% of all displays and initiated saccades toward the target with the same latency on switch trials (M = 279 ms) and on repeat trials (M = 277 ms), t(19) = 0.99, p > .250, Cohen's d = 0.02, whereas in one-target blocks, saccade latencies for switch trials (M = 326 ms) were significantly higher than for repeat trials (M = 310 ms), t(19) = 2.6, p = .02, Cohen's d = 0.17, which indicates that switch costs were incurred.";1;"In both-targets blocks, participants switched on 34% of all displays and initiated saccades toward the target with similar latency on switch trials (M = 279 ms) and on repeat trials (M = 277 ms), t(19) = 0.99, p > .250, Cohen's d = 0.02, whereas in one-target blocks, saccade latencies for switch trials (M = 326 ms) were significantly higher than for repeat trials (M = 310 ms), t(19) = 2.6, p = .02, Cohen's d = 0.17, which indicates that switch costs were incurred."
"Comparing these correlation coefficients, we found that participants in the disagreeing-perspective condition produced more diverse errors than participants in both the self-perspective condition (d = 0.99) and agreeing-perspective condition (d = 1.00; both ps < .001), whereas there was no difference in the diversity of errors between the self-and agreeingperspective conditions (d = 0.02, p = .81).";1;"Comparing these correlation coefficients, we found that participants in the disagreeing-perspective condition produced more diverse errors than participants in both the self-perspective condition (d = 0.99) and agreeing-perspective condition (d = 1.00; both ps < .001), whereas we found no significant difference in the diversity of errors between the self-and agreeing-perspective conditions (d = 0.02, p = .81)."
"There was no interaction, F(3, 78) = 1.276, p = .288, Î· p 2 = .047.";1;"The interaction was not statistically significant, F(3, 78) = 1.276, p = .288, Î· p 2 = .047."
"There was no association between the CAPS score and nonverbal reasoning, as assessed by matrix reasoning (r S = .02, 95% CI = [-.03, .08], p = .399).";1;"There was no significant association between the CAPS score and nonverbal reasoning, as assessed by matrix reasoning (r S = .02, 95% CI = [-.03, .08], p = .399)."
"Leader narcissism levels were not significantly related to future leader preference, either from the leader's perspective, b = 0.07, 95% CI = [-0.07, 0.22], Î² = 0.10, p = .317, or from the followers' perspective, b = 0.01, 95% CI = [-0.10, 0.13], Î² = 0.02, p = .812.";0;"Leader narcissism levels were not significantly related to future leader preference, either from the leader's perspective, b = 0.07, 95% CI = [-0.07, 0.22], β = 0.10, p = .317, or from the followers' perspective, b = 0.01, 95% CI = [-0.10, 0.13], β = 0.02, p = .812, indicating that there was no significant association between leader narcissism and future leader preference."
"Boundary extension was reliable for the large-aperture condition (M = -0.08, SE = 0.04, 95% CI = [-0.15, -0.01]), t(34) = -2.23, p = .03, d = -0.38, but was no longer observed for the small-aperture condition (M = -0.002, SE = 0.04, 95% CI = [-0.08, 0.07]), t(34) = -0.06, p = .96, d = -0.01, Bayes Factor favoring the null over the alternative hypothesis (BF 01 ) = 5.51.";0;"Boundary extension was reliable for the large-aperture condition (M = -0.08, SE = 0.04, 95% CI = [-0.15, -0.01]), t(34) = -2.23, p = .03, d = -0.38, but was no longer observed for the small-aperture condition, for which there was no significant difference (M = -0.002, SE = 0.04, 95% CI = [-0.08, 0.07]), t(34) = -0.06, p = .96, d = -0.01, Bayes Factor favoring the null over the alternative hypothesis (BF 01 ) = 5.51."
"In addition, age of onset did not predict any of the outcomes on the subtests of musical aptitude within identical twin pairs when analyses controlled for total practice (rhythm discrimination: Î² = -0.03, p = .56; melody discrimination: Î² = -0.02, p = .71; pitch discrimination: Î² = 0.08, p = .13).";1;"In addition, age of onset was not significantly associated with any of the outcomes on the subtests of musical aptitude within identical twin pairs when analyses controlled for total practice (rhythm discrimination: Î² = -0.03, p = .56; melody discrimination: Î² = -0.02, p = .71; pitch discrimination: Î² = 0.08, p = .13)."
"Crucially, there was no significant interaction between the neutral and proportional-decrease conditions, F(1, 1566) = 0.80, p = .371, Î· p 2 = .001.";0;"Crucially, the interaction between the neutral and proportional-decrease conditions was not significant, F(1, 1566) = 0.80, p = .371, Î· p 2 = .001."
"A second analysis to test for the presence of an SSA-H in each of the five groups revealed that only the TS and the LB groups exhibited a significant SSA-H at a higher-than-chance level (TS: Î² = 5.086, 95% CI = [3.584, 6.881], SE = 0.841, p < .001; LB: Î² = 3.287, 95% CI = [0.289, 6.589], SE = 1.614, p = .042), whereas the CC, the DC, and the CB groups did not perform differently from chance level (CC: Î² = 1.230, 95% CI = [-0.479, 3.210], SE = 0.887, p = .165; DC: Î² = 0.287, 95% CI = [-1.840, 2.510], SE = 1.035, p = .782; CB: Î² = 1.465, 95% CI = [-0.989, 4.265], SE = 1.265, p = .247).";1;"A second analysis to test for the presence of an SSA-H in each of the five groups revealed that only the TS and the LB groups exhibited a significant SSA-H at a higher-than-chance level (TS: β = 5.086, 95% CI = [3.584, 6.881], SE = 0.841, p < .001; LB: β = 3.287, 95% CI = [0.289, 6.589], SE = 1.614, p = .042), whereas the CC, the DC, and the CB groups did not show a significant difference from chance level (CC: β = 1.230, 95% CI = [-0.479, 3.210], SE = 0.887, p = .165; DC: β = 0.287, 95% CI = [-1.840, 2.510], SE = 1.035, p = .782; CB: β = 1.465, 95% CI = [-0.989, 4.265], SE = 1.265, p = .247)."
"Although the sensitivity for the not-learned set was statistically comparable to the prelearning baseline, t(44) = 1.95, p = .162, d = 0.29, the learned set revealed significantly higher scores compared with both the not-learned set, t(44) = 2.56, p < .04, d = 0.38, and the prelearning set, t(44) = 4.51, p < .001, d = 0.67 (all comparisons performed with Bonferroni correction; see Fig. 3a).";1;"Although the sensitivity for the not-learned set was statistically comparable to the prelearning baseline, t(44) = 1.95, p = .162, d = 0.29, indicating no significant difference, the learned set revealed significantly higher scores compared with both the not-learned set, t(44) = 2.56, p < .04, d = 0.38, and the prelearning set, t(44) = 4.51, p < .001, d = 0.67 (all comparisons performed with Bonferroni correction; see Fig. 3a)."
"As expected, salivary cortisol levels were comparable across both days at baseline (post hoc test: p = .69) and immediately after the TSST (post hoc test: p = .63) but significantly higher in the stress condition compared with the control condition at 25 min (post hoc test: p = .002), 40 min (post hoc test: p < .001), and 60 min (post hoc test: p < .001) after stress onset.";1;"As expected, salivary cortisol levels showed no significant difference across both days at baseline (post hoc test: p = .69) and immediately after the TSST (post hoc test: p = .63) but were significantly higher in the stress condition compared with the control condition at 25 min (post hoc test: p = .002), 40 min (post hoc test: p < .001), and 60 min (post hoc test: p < .001) after stress onset."
"Depending on the outcome measure, individuals with a higher level of commitment experienced no change or a deterioration in well-being following infidelity (socialization effects at 1 SD above the mean of commitment: relationship satisfaction b = -0.03, p = .260; intimacy b = -0.02, p = .320; admiration b = -0.04, p = .037; conflict b = 0.002, p = .915).";1;"Depending on the outcome measure, individuals with a higher level of commitment experienced no significant change or a deterioration in well-being following infidelity (socialization effects at 1 SD above the mean of commitment: relationship satisfaction b = -0.03, p = .260; intimacy b = -0.02, p = .320; admiration b = -0.04, p = .037; conflict b = 0.002, p = .915)."
"Congruence did not affect measures of RT to either the stimulus (Î² = -0.008, SE = 0.03, p = .78) or the confidence rating (Î² = 0.03, SE = 0.03, p = .33), which makes it unlikely that effects on metacognition were mediated by effects of TMS on details of the action itself (see Fig.";1;"Congruence was not significantly associated with measures of RT to either the stimulus (Î² = -0.008, SE = 0.03, p = .78) or the confidence rating (Î² = 0.03, SE = 0.03, p = .33), which makes it unlikely that effects on metacognition were mediated by effects of TMS on details of the action itself (see Fig."
"Further, disgust related positively to sentiments in favor of lower-cost social exclusion and reputational attacks (indirect aggression), t(165.08) = 4.96, p < .001, b = 0.12, 95% CI = [0.07, 0.17], but anger did not, t(818.95) = 1.49, p = .135, b = 0.04, 95% CI [-0.01, 0.09].";1;"Further, disgust related positively to sentiments in favor of lower-cost social exclusion and reputational attacks (indirect aggression), t(165.08) = 4.96, p < .001, b = 0.12, 95% CI = [0.07, 0.17], but the relationship between anger and sentiments in favor of lower-cost social exclusion and reputational attacks was not statistically significant, t(818.95) = 1.49, p = .135, b = 0.04, 95% CI [-0.01, 0.09]."
"The results indicate that both participants in the fearchemosignal condition (M = 46.42, SD = 9.23) and the rest-body-odor condition (M = 45.22, SD = 10.62) counted a very similar number of bluefish consuming the food morsels (W = 7,538.50, p = .273), indicating that participants in both odor conditions were similarly engaged in the task.";1;"The results indicate that both participants in the fearchemosignal condition (M = 46.42, SD = 9.23) and the rest-body-odor condition (M = 45.22, SD = 10.62) counted a very similar number of bluefish consuming the food morsels (W = 7,538.50, p = .273), suggesting that there was no significant difference in the engagement of participants in the two odor conditions."
"In the inferior temporal gyrus, however, there was a significant interaction of treatment and expectancy violation, F(1, 76) = 5.11, p = .027, Î· p 2 = .06, showing that inferior temporal activity was significantly higher in stressed participants with only minimal prior information about the psychosocial stressor than in the informed stress group, F(1, 36) = 4.74, p = .036, Î· p 2 = .12, whereas there was no influence of prior information in the control condition, F(1, 40) = 0.97, p = .331, Î· p 2 = .02 (Fig. 3b).";1;"In the inferior temporal gyrus, however, there was a significant interaction of treatment and expectancy violation, F(1, 76) = 5.11, p = .027, Î· p 2 = .06, showing that inferior temporal activity was significantly higher in stressed participants with only minimal prior information about the psychosocial stressor than in the informed stress group, F(1, 36) = 4.74, p = .036, Î· p 2 = .12, whereas the effect of prior information did not reach significance in the control condition, F(1, 40) = 0.97, p = .331, Î· p 2 = .02 (Fig. 3b)."
"However, when the target was uncommitted, participants no longer preferred the seeker, p = .849, d = -0.03, rating both targets equally.";1;"However, when the target was uncommitted, participants showed no significant preference for the seeker over the other target, p = .849, d = -0.03, rating both targets equally."
"There was no significant interaction, F(2.74, 76.68) = 0.76, p = .51, Î· p 2 = .026 (Greenhouse-Geisser corrected).";0;"There was no significant interaction, F(2.74, 76.68) = 0.76, p = .51, Î· p 2 = .026 (Greenhouse-Geisser corrected), indicating that the interaction was not statistically significant."
"The interaction between valence and target was not significant, F(1, 66) = 0.24, p = .62, indicating that the size of the optimistic learning bias was similar for the self and friend conditions.";1;"The interaction between valence and target was not significant, F(1, 66) = 0.24, p = .62, indicating that there was no significant difference in the size of the optimistic learning bias between the self and friend conditions."
"Across the experiments, the holistic-processing effect for faces remained constant (Experiment 1a: M = 0.51, SE = 0.18; Experiment 1b: M = 0.50, SE = 0.25; Experiment 2: M = 0.48, SE = 0.16), F(2, 63) = 0.01, p = .993.";1;"Across the experiments, the holistic-processing effect for faces remained constant (Experiment 1a: M = 0.51, SE = 0.18; Experiment 1b: M = 0.50, SE = 0.25; Experiment 2: M = 0.48, SE = 0.16), F(2, 63) = 0.01, p = .993, indicating no significant difference in the holistic-processing effect across the experiments."
"The results showed a significant two-way interaction (see Table 3) indicating that participants in the control condition preferred self-verifying feedback over self-discrepant feedback, F(1, 168) = 19.13, p < .001, Î· p 2 = .10, whereas participants in the experimental condition were equally willing to consider the two types of feedback, F(1, 168) = 0.33, p = .568, Î· p 2 = .002.";1;"The results showed a significant two-way interaction (see Table 3) indicating that participants in the control condition preferred self-verifying feedback over self-discrepant feedback, F(1, 168) = 19.13, p < .001, Î· p 2 = .10, whereas participants in the experimental condition showed no significant difference in their willingness to consider the two types of feedback, F(1, 168) = 0.33, p = .568, Î· p 2 = .002."
"Follow-up analyses showed that there was no Treatment Ã— Expectancy Violation interaction in the subcentral gyrus, F(1, 76) = 0.12, p = .726, Î· p 2 < .01; TPJ, F(1, 76) = 0.27, p = .606, Î· p 2 < .01; or dlPFC, F(1, 76) = 2.30, p = .13, Î· p 2 = .03.";1;"Follow-up analyses showed that there was no significant Treatment Ã— Expectancy Violation interaction in the subcentral gyrus, F(1, 76) = 0.12, p = .726, Î· p 2 < .01; TPJ, F(1, 76) = 0.27, p = .606, Î· p 2 < .01; or a significant interaction in the dlPFC, F(1, 76) = 2.30, p = .13, Î· p 2 = .03."
"Participants of the stress groups (vs. control groups) felt less positive on Day 2, F(3, 89) = 3.27, p = .025, Î· p 2 = .10, but there were no differences between the informed and uninformed stress groups, t(46) = -0.11, p = .915, d = 0.03 (see Table S1 in the Supplemental Material).";1;"Participants of the stress groups (vs. control groups) felt less positive on Day 2, F(3, 89) = 3.27, p = .025, Î· p 2 = .10, but there were no significant differences between the informed and uninformed stress groups, t(46) = -0.11, p = .915, d = 0.03 (see Table S1 in the Supplemental Material)."
"The correlation (Spearman's Ï) between liking ratings and the arcsine-transformed ratios of coefficient choices was not different from zero in either condition (congruent: Ï = .321, p = .126; incongruent: Ï = -.076, p = .725).";1;"The correlation (Spearman's Ï) between liking ratings and the arcsine-transformed ratios of coefficient choices was not significantly different from zero in either condition (congruent: Ï = .321, p = .126; incongruent: Ï = -.076, p = .725)."
"Viewed differently, participants liked both seekers similarly, regardless of their desire to cooperate or compete with opponents, p = .620, d = 0.05.";1;"Viewed differently, participants liked both seekers similarly, regardless of their desire to cooperate or compete with opponents, p = .620, d = 0.05, indicating no significant difference in liking between the two groups."
"Although the PTSD group showed a significant facilitation effect (M = 5.9%), F(1, 15) = 7.525, p = .015, Î· p 2 = .334, and the control group did not (M = 2.8%, n.s.), there was no significant group difference in facilitation, F(1, 30) = 1.215, p = .279, Î· p 2 = .039 (Fig. 3a).";0;"Although the PTSD group showed a significant facilitation effect (M = 5.9%), F(1, 15) = 7.525, p = .015, Î· p 2 = .334, and the control group did not (M = 2.8%, n.s.), the groups did not differ significantly in facilitation, F(1, 30) = 1.215, p = .279, Î· p 2 = .039 (Fig. 3a)."
"It was not, however, associated with the more general aggregated measures of experienced reward (p > .250), nor perceived expresser reward (p > .250).";1;"The association with the more general aggregated measures of experienced reward (p > .250) and perceived expresser reward (p > .250) was not statistically significant."
"Time of day did not interact with type of day (i.e., social isolation vs. baseline) for any of the above momentary state measures (p > .08).";1;"Time of day did not significantly interact with type of day (i.e., social isolation vs. baseline) for any of the above momentary state measures (p > .08)."
"There were no differences in participant proportion of females relative to the overall sample for Profiles 3 (p = .06) and 5 (p = .09; see Fig.";1;"There were no significant differences in participant proportion of females relative to the overall sample for Profiles 3 (p = .06) and 5 (p = .09; see Fig."
"The effect of block was driven by slower responses to fixed penalties than to fixed rewards-pairwise post hoc t(24) = 2.02, p = .027; there was no difference between reward and penalty blocks for the 0-pence conditions, t(24) = 0.79, p = .22.";1;"The effect of block was driven by slower responses to fixed penalties than to fixed rewards-pairwise post hoc t(24) = 2.02, p = .027; there was no significant difference between reward and penalty blocks for the 0-pence conditions, t(24) = 0.79, p = .22."
"Artworks that related to common activities, however, were not associated with higher aesthetic ratings, slope = -0.017, 95% CI = [-0.09, 0.06], t(1558) = -0.46, p = .64, nor were artworks in the mixed class, slope = 0.024, 95% CI = [-0.005, 0.05], t(1555) = 1.6, p = .11.";1;"Artworks that related to common activities, however, were not significantly associated with higher aesthetic ratings, slope = -0.017, 95% CI = [-0.09, 0.06], t(1558) = -0.46, p = .64, nor were artworks in the mixed class, slope = 0.024, 95% CI = [-0.005, 0.05], t(1555) = 1.6, p = .11."
"A 2 (condition: adversarial vs. benevolent) Ã— 2 (valence: positive vs. negative) repeated measures analysis of variance on relative learning rates revealed no significant main effects (p = .57 for condition, p = .84 for valence) but a significant interaction, F(1, 71) = 4.91, p < .05.";0;"A 2 (condition: adversarial vs. benevolent) Ã— 2 (valence: positive vs. negative) repeated measures analysis of variance on relative learning rates revealed no significant main effects (p = .57 for condition, p = .84 for valence), indicating that the main effects of condition and valence were not statistically significant, but a significant interaction was found, F(1, 71) = 4.91, p < .05."
"Cortisol concentrations were comparable at baseline, t(55) = 1.01, p = .317, d = 0.27, but significantly elevated in the stress group relative to the control group both 30 min after the treatment, t(55) = 3.55, p corr = .003, d = 0.94, and 45 min after the treatment, t(55) = 2.52, p corr = .045, d = 0.67 (Table 1).";1;"Cortisol concentrations showed no significant difference at baseline, t(55) = 1.01, p = .317, d = 0.27, but were significantly elevated in the stress group relative to the control group both 30 min after the treatment, t(55) = 3.55, p corr = .003, d = 0.94, and 45 min after the treatment, t(55) = 2.52, p corr = .045, d = 0.67 (Table 1)."
"There was no correlation between number of imagineto-hear errors and CAPS score, r S (1376) = .02, 95% CI = [-.03, .07], p = .461.";1;"There was no significant correlation between number of imagineto-hear errors and CAPS score, r S (1376) = .02, 95% CI = [-.03, .07], p = .461."
"A 2 (Experiment) Ã— 2 (Position) mixed-measure ANOVA showed no main effect of experiment, F(1, 58) = 1.597, p = .21, f = 0.17, a significant main effect of position, F(1, 58) = 43.54, p < .001, f = 0.87, and a significant interaction, F(1, 58) = 4.71, p = .034, f = 0.28.";1;"A 2 (Experiment) × 2 (Position) mixed-measure ANOVA showed no significant main effect of experiment, F(1, 58) = 1.597, p = .21, f = 0.17, a significant main effect of position, F(1, 58) = 43.54, p < .001, f = 0.87, and a significant interaction, F(1, 58) = 4.71, p = .034, f = 0.28."
"The years-of-experience single effect was not significant (Î² = 0.001, 95% CI = [-0.07, 0.07], p = .976).";0;"The years-of-experience single effect was not significant (Î² = 0.001, 95% CI = [-0.07, 0.07], p = .976), indicating that the data do not provide sufficient evidence to reject the null hypothesis of no effect."
"By contrast, leader narcissism levels were not significantly related to follower-perceived leader authority, b = 0.04, 95% CI = [-0.04, 0.13], Î² = 0.10, p = .304, and effectiveness, b = 0.04, 95% CI = [-0.06, 0.14], Î² = 0.08, p = .398.";0;"By contrast, leader narcissism levels were not significantly related to follower-perceived leader authority, b = 0.04, 95% CI = [-0.04, 0.13], β = 0.10, p = .304, and effectiveness, b = 0.04, 95% CI = [-0.06, 0.14], β = 0.08, p = .398, indicating that the relationship between leader narcissism and these outcomes may be negligible, but the data do not provide sufficient evidence to conclude that there is no relationship."
"Similarly, for inverted scenes, categorization accuracy was comparable across high (M = 0.82, SD = 0.14) and low (M = 0.81, SD = 0.85) aesthetic conditions, F(1, 98) = 0.21, p = .647 (high vs. low aesthetic condition difference = .015, 95% CI = [-.051, .082]).";1;"Similarly, for inverted scenes, categorization accuracy did not significantly differ across high (M = 0.82, SD = 0.14) and low (M = 0.81, SD = 0.85) aesthetic conditions, F(1, 98) = 0.21, p = .647 (high vs. low aesthetic condition difference = .015, 95% CI = [-.051, .082])."
"In both-targets blocks, saccade latencies were smaller than in one-target blocks, but did not differ significantly for switch trials (M = 234 ms) and repeat trials (M = 232 ms), t(11) = 0.25, p > .250, Cohen's d = 0.09.";0;"In both-targets blocks, saccade latencies were smaller than in one-target blocks, but did not differ significantly for switch trials (M = 234 ms) and repeat trials (M = 232 ms), t(11) = 0.25, p > .250, Cohen's d = 0.09, indicating that the difference between switch and repeat trials was not statistically significant."
"However, there was no difference between the agreeing-and disagreeing-perspective conditions (d = 0.04, p = .55), 5 although the effect was in the right direction: The benefits of averaging were numerically higher in the disagreeing-perspective condition.";1;"However, there was no significant difference between the agreeing-and disagreeing-perspective conditions (d = 0.04, p = .55), although the effect was in the right direction: The benefits of averaging were numerically higher in the disagreeing-perspective condition."
"The learning bias for the self condition and the learning bias for the stranger condition were not significantly correlated, r(76) = .10, p = .386 (see Fig.";0;"The learning bias for the self condition and the learning bias for the stranger condition were not significantly correlated, r(76) = .10, p = .386, indicating that there was no significant association between the two conditions (see Fig."
"There was no difference between the self-and agreeing-perspective conditions with regard to benefit of averaging (d = 0.03, p = .61).";1;"There was no significant difference between the self-and agreeing-perspective conditions with regard to benefit of averaging (d = 0.03, p = .61)."
"As in the previous studies, we found no correlation between interoceptive accuracy (M = 50.80, SD = 8.4) and the difference in trustworthiness ratings in the diastole-self and the average of the other-hearts conditions (r = -.25, p = .20).";1;"As in the previous studies, we found no significant correlation between interoceptive accuracy (M = 50.80, SD = 8.4) and the difference in trustworthiness ratings in the diastole-self and the average of the other-hearts conditions (r = -.25, p = .20)."
"Study S7 (with French participants) employed a within-subjects design presenting two people as either depressed or not depressed, and it showed that participants did not imagine a person with depression as shorter than a nondepressed one (p = .06, d = 0.13) or more overweight (p = .16, d = 0.10), but they imagined them to be more introverted (p < .001, d = 0.81), less attractive (p < .001, d = 0.60), less successful (p < .001, d = 0.99), and less likely to take care of their looks (p < .001, d = 0.84).";1;"Study S7 (with French participants) employed a within-subjects design presenting two people as either depressed or not depressed, and it showed that participants did not significantly imagine a person with depression as shorter than a nondepressed one (p = .06, d = 0.13) or more overweight (p = .16, d = 0.10), but they did imagine them to be more introverted (p < .001, d = 0.81), less attractive (p < .001, d = 0.60), less successful (p < .001, d = 0.99), and less likely to take care of their looks (p < .001, d = 0.84)."
"Importantly, stress did not modulate the accuracy difference between repeat and switch trials (Condition Ã— Trial Type: p = .192), which provides evidence against the possibility that increased effort aversion under stress was simply caused by a desire to avoid more errors.";1;"Importantly, stress did not significantly modulate the accuracy difference between repeat and switch trials (Condition × Trial Type: p = .192), which does not provide evidence for or against the possibility that increased effort aversion under stress was simply caused by a desire to avoid more errors."
"Neither of the deprived states modulated subjective levels of stress (p > .3) or anxiety (p > .27).";1;"Neither of the deprived states significantly modulated subjective levels of stress (p > .3) or anxiety (p > .27)."
"We found, first of all, that risk preferences derived from the risk task and social preferences derived from the helping task were linearly independent of each other (Spearman's r = -.02, p = .787).";1;"We found, first of all, that risk preferences derived from the risk task and social preferences derived from the helping task were not significantly associated with each other (Spearman's r = -.02, p = .787)."
"Meanwhile, on lossframed trials, there was a significant interaction, b = -4.51, SE = 0.75, z = -6.03, p < .001; participants were less likely to look at the second option if they first fixated a gamble with high expected value, b = -4.31, SE = 0.49, z = -8.74, p < .001, whereas there was no effect of expected value if they first fixated the sure loss, b = 0.20, SE = 0.56, z = 0.35, p = .73.";1;"Meanwhile, on loss-framed trials, there was a significant interaction, b = -4.51, SE = 0.75, z = -6.03, p < .001; participants were less likely to look at the second option if they first fixated a gamble with high expected value, b = -4.31, SE = 0.49, z = -8.74, p < .001, whereas the effect of expected value was not significant if they first fixated the sure loss, b = 0.20, SE = 0.56, z = 0.35, p = .73."
"We also confirmed the predicted familiarity-by-length interaction, F(1, 19) = 10.57, p = .004, Î· p 2 = .36, OP = .87, indicating a length effect for pseudowords (five-letter strings: M = 5.93%, SD = 5.06; three-letter strings: M = 4.62%, SD = 3.90), t(19) = -2.48, p = .02, but not for real words (five-letter strings: M = 4.01%, SD = 3.08; three-letter strings: M = 4.26%, SD = 2.98), t(19) = 1.13, p = .27.";1;"We also confirmed the predicted familiarity-by-length interaction, F(1, 19) = 10.57, p = .004, Î· p 2 = .36, OP = .87, indicating a length effect for pseudowords (five-letter strings: M = 5.93%, SD = 5.06; three-letter strings: M = 4.62%, SD = 3.90), t(19) = -2.48, p = .02, but no significant difference was found for real words (five-letter strings: M = 4.01%, SD = 3.08; three-letter strings: M = 4.26%, SD = 2.98), t(19) = 1.13, p = .27."
"In addition, the absolute impact of losses and gains on ratings of feelings relative to a zero outcome revealed no difference, F(1, 55) = 0.01, p = .92, Î· p 2 = .00018.";1;"In addition, the absolute impact of losses and gains on ratings of feelings relative to a zero outcome revealed no significant difference, F(1, 55) = 0.01, p = .92, Î· p 2 = .00018."
"ANOVAs within blocks revealed that during the beginning of acquisition, IBI did not differ between CS types (p = .559), whereas CS type modulated IBI in the second block of acquisition (p = .023), as shown in Figure 5.";1;"ANOVAs within blocks revealed that during the beginning of acquisition, there was no significant difference in IBI between CS types (p = .559), whereas CS type modulated IBI in the second block of acquisition (p = .023), as shown in Figure 5."
"For âˆ†Î¸ Ë†crit values derived from highversus low-friction trials, values were different from 0Â° in the live-observation group, t(33) = 5.495, p < .001, d = 0.942, and the interaction group, t(31) = 5.339, p < .001, d = 0.851, but not in the video-observation group, t(29) = 1.232, p = .228, d = 0.225.";1;"For âˆ†Î¸ Ë†crit values derived from highversus low-friction trials, values were different from 0Â° in the live-observation group, t(33) = 5.495, p < .001, d = 0.942, and the interaction group, t(31) = 5.339, p < .001, d = 0.851, but there was no significant difference from 0Â° in the video-observation group, t(29) = 1.232, p = .228, d = 0.225."
"First, prior to the intervention (over the first 24 hr after viewing the film: Day 0), we confirmed that the four groups experienced a similar number of intrusive memories, F(3, 68) = 0.16, p = .92 (Fig. 4a).";1;"First, prior to the intervention (over the first 24 hr after viewing the film: Day 0), we found no significant difference between the four groups in the number of intrusive memories, F(3, 68) = 0.16, p = .92 (Fig. 4a)."
"Tukey's HSD tests revealed significant differences between all pairwise positions (all ps < .04) except Position 1 versus Position 5, t( 116) = 1.167, p = .77, Position 2 versus Position 4, t(116) = 1.357, p = .65, and Position 3 versus Position 4, t(116) = -1.479, p = .578.";0;"Tukey's HSD tests revealed significant differences between all pairwise positions (all ps < .04) except Position 1 versus Position 5, t( 116) = 1.167, p = .77, Position 2 versus Position 4, t(116) = 1.357, p = .65, and Position 3 versus Position 4, t(116) = -1.479, p = .578, where the differences were not statistically significant."
"Similarly, in the condition with no-depth control scenes, accuracy did not differ between the template-matching (94.1%, SD = 5.0) and the template-mismatching (94.5%, SD = 5.4) conditions, t(25) = -0.55, p = .584.";1;"Similarly, in the condition with no-depth control scenes, there was no significant difference in accuracy between the template-matching (94.1%, SD = 5.0) and the template-mismatching (94.5%, SD = 5.4) conditions, t(25) = -0.55, p = .584."
"Subsequent simple-slopes analyses showed that, compared with traveling to a destination with looser norms, traveling to a country with tighter norms was associated with lower adaptation for sojourners with low honesty-humility (p < .001) but not for those with high honesty-humility (p = .29).";1;"Subsequent simple-slopes analyses showed that, compared with traveling to a destination with looser norms, traveling to a country with tighter norms was associated with lower adaptation for sojourners with low honesty-humility (p < .001) but the association was not significant for those with high honesty-humility (p = .29)."
"As expected on the basis of previous studies, t tests showed that there were no differences between groups on tests of either verbal, t(50) = 0.93, p = .36, or visual, t(50) = 1.00, p = .32, recognition memory of the film (Table S1 in the Supplemental Material)-this is consistent with the possibility that intrusivememory frequency (diary/IPT intrusion score) was influenced while leaving recognition memory (for facts and scenes in the trauma film) intact.";1;"As expected on the basis of previous studies, t tests showed that there were no significant differences between groups on tests of either verbal, t(50) = 0.93, p = .36, or visual, t(50) = 1.00, p = .32, recognition memory of the film (Table S1 in the Supplemental Material)-this is consistent with the possibility that intrusivememory frequency (diary/IPT intrusion score) was influenced while leaving recognition memory (for facts and scenes in the trauma film) intact."
